"","split","nodesize","mtry","cluster_group","OOB","MSPE","rmspe"
"1",1,2,1,1,5.30895074778386,4.83608869675447,2.19911088778044
"2",1,2,2,6,4.61256427425594,4.31741582955947,2.07783922129684
"3",1,2,4,3,4.63089658584217,4.35598692159913,2.0871001225622
"4",1,2,6,8,4.66310614632639,4.3651127087156,2.08928521478414
"5",1,2,8,5,4.66728632568946,4.44576543463303,2.10849838383458
"6",1,4,1,2,5.26934077227295,4.79170528663983,2.18899641083302
"7",1,4,2,7,4.61401284597498,4.34441623672889,2.08432632683294
"8",1,4,4,4,4.60874256763602,4.34654055469419,2.084835857974
"9",1,4,6,1,4.64081253768751,4.34774691252548,2.08512515512271
"10",1,4,8,6,4.67350180176054,4.4356803492291,2.10610549337613
"11",1,6,1,3,5.2855615887351,4.77245863234892,2.1845957594825
"12",1,6,2,8,4.61125935461464,4.33085508591846,2.08107065855978
"13",1,6,4,5,4.59665989825178,4.31987422521821,2.07843071215237
"14",1,6,6,2,4.62548361005252,4.35683615720183,2.0873035613446
"15",1,6,8,7,4.66867308925142,4.44534484634302,2.10839864502494
"16",1,8,1,4,5.2848671714833,4.83291145278909,2.19838837624044
"17",1,8,2,1,4.62205019814275,4.32661206487521,2.0800509765088
"18",1,8,4,6,4.58751644588715,4.34980899013625,2.08561956984879
"19",1,8,6,3,4.62844594388829,4.34689427891051,2.08492068887776
"20",1,8,8,8,4.65340762622431,4.45865815185751,2.11155349253991
"21",1,10,1,5,5.32779712403078,4.86749670978204,2.20624040162944
"22",1,10,2,2,4.59498443086625,4.30098015140386,2.07388045735618
"23",1,10,4,7,4.57212963311494,4.30785662988364,2.07553767247999
"24",1,10,6,4,4.60764661100082,4.3681422610923,2.09001011028471
"25",1,10,8,1,4.6619203471566,4.42575884052993,2.10374875888969
"26",2,2,1,2,5.24406193203026,5.75556722732908,2.3990763279498
"27",2,2,2,7,4.6264577147243,4.70021275009883,2.16799740546405
"28",2,2,4,4,4.60098541281891,4.55286414073385,2.13374416009367
"29",2,2,6,1,4.64816484405487,4.56273427325581,2.13605577484667
"30",2,2,8,6,4.68496210678163,4.64681526046512,2.15564729500564
"31",2,4,1,3,5.27025447719999,5.76371008543837,2.40077281004229
"32",2,4,2,8,4.6112982936261,4.65665001381632,2.15792724942625
"33",2,4,4,5,4.58480161603634,4.55114994786822,2.13334243567886
"34",2,4,6,2,4.64348806832451,4.61503925142119,2.14826424152644
"35",2,4,8,7,4.68437935126886,4.59573089318476,2.14376558727505
"36",2,6,1,4,5.3084176828176,5.79926099833723,2.40816548400172
"37",2,6,2,1,4.61476206584472,4.65654120424051,2.15790203768394
"38",2,6,4,6,4.60010559771111,4.48926865544832,2.11878943159728
"39",2,6,6,3,4.6286345637995,4.54451416792248,2.1317866140687
"40",2,6,8,8,4.6645505094696,4.5724258650168,2.13832314326362
"41",2,8,1,5,5.27071497474192,5.80565970246529,2.40949366101372
"42",2,8,2,2,4.5927404310988,4.66602276953222,2.16009786110079
"43",2,8,4,7,4.58163230626672,4.50351874636121,2.12214955796268
"44",2,8,6,4,4.62160285173238,4.51956199063927,2.1259261489147
"45",2,8,8,1,4.66793132441701,4.56508206907853,2.13660526749293
"46",2,10,1,6,5.28564419021106,5.77173107968936,2.40244273182304
"47",2,10,2,3,4.6008354704162,4.687994511273,2.16517770893592
"48",2,10,4,8,4.5792374317614,4.49109937515577,2.1192214077712
"49",2,10,6,5,4.6125062634642,4.50960384502171,2.12358278506436
"50",2,10,8,2,4.65173028530544,4.52410061333427,2.12699332705448
"51",3,2,1,3,5.26551844561935,5.63064002551498,2.37289696900539
"52",3,2,2,8,4.63144550875724,4.7097901492297,2.1702050938171
"53",3,2,4,5,4.61934015624719,4.59505797583463,2.14360863401756
"54",3,2,6,2,4.6864086737291,4.6433021372093,2.15483227588815
"55",3,2,8,7,4.72863586951158,4.68913478604651,2.16544101421547
"56",3,4,1,4,5.26572971270215,5.65673430285945,2.37838901419836
"57",3,4,2,1,4.62292752413501,4.73350729805393,2.1756624963569
"58",3,4,4,6,4.61665974854643,4.69324517855685,2.16638989532283
"59",3,4,6,3,4.65935608322279,4.63266875988501,2.15236352874811
"60",3,4,8,8,4.73924206203068,4.64047185322998,2.15417544625083
"61",3,6,1,5,5.30055669865587,5.67710468640583,2.38266755683747
"62",3,6,2,2,4.60802462323308,4.67135381318877,2.16133149081504
"63",3,6,4,7,4.61702108833119,4.63277274521745,2.15238768469285
"64",3,6,6,4,4.66797962851028,4.67710928088759,2.16266254438541
"65",3,6,8,1,4.72324387045352,4.70302485313178,2.16864585701119
"66",3,8,1,6,5.26517832616288,5.64875128567933,2.37671018125461
"67",3,8,2,3,4.61417113399344,4.75069449514078,2.17960879405933
"68",3,8,4,8,4.60606360523049,4.6439737785889,2.15498811564911
"69",3,8,6,5,4.64647748461753,4.67650677540686,2.16252324274373
"70",3,8,8,2,4.70631619746382,4.66001713725051,2.15870728382764
"71",3,10,1,7,5.29913722787943,5.67094653597925,2.38137492553761
"72",3,10,2,4,4.60311119192697,4.74018434022795,2.17719644043158
"73",3,10,4,1,4.58888622649749,4.64363005180394,2.15490836273934
"74",3,10,6,6,4.64794564103535,4.66857374139188,2.16068825641088
"75",3,10,8,3,4.69362568351548,4.63847732464603,2.15371245170892
"76",4,2,1,4,5.32476675422884,4.92041552612067,2.21820096612563
"77",4,2,2,1,4.60287800428363,4.61963360513138,2.14933329317055
"78",4,2,4,6,4.61253031598713,4.80039901875335,2.19098129128328
"79",4,2,6,3,4.63715317483692,4.87703411231884,2.20840080427418
"80",4,2,8,8,4.67749732927232,4.98667518115942,2.2330864697005
"81",4,4,1,5,5.28562006120663,4.9060570172669,2.21496208032257
"82",4,4,2,2,4.59908769012963,4.62461689111832,2.15049224391029
"83",4,4,4,7,4.59287925642876,4.77164974033682,2.18441061623881
"84",4,4,6,4,4.62338194983333,4.80925531548577,2.19300143991876
"85",4,4,8,1,4.66123304067359,4.95016419806763,2.22489644659423
"86",4,6,1,6,5.31689173053423,4.9360064234221,2.22171249792184
"87",4,6,2,3,4.59688494376294,4.60113549309319,2.14502575581115
"88",4,6,4,8,4.57288323899586,4.76758149677268,2.18347921830566
"89",4,6,6,5,4.62042806344753,4.87206736688808,2.20727600605092
"90",4,6,8,2,4.65546345985135,4.94424821561326,2.22356655299842
"91",4,8,1,7,5.30551933375746,4.96076481706815,2.22727744501401
"92",4,8,2,4,4.58249678175773,4.65919805509005,2.15851755959734
"93",4,8,4,1,4.57008331635471,4.7243511122353,2.17355724843752
"94",4,8,6,6,4.63127864805516,4.85339436430121,2.20304207047918
"95",4,8,8,3,4.65179430690061,4.9489671390544,2.22462741578324
"96",4,10,1,8,5.32495700631344,4.92099245686313,2.21833100705533
"97",4,10,2,5,4.57639161532197,4.59933715303293,2.14460652638961
"98",4,10,4,2,4.57016429000213,4.76066557566962,2.18189495064946
"99",4,10,6,7,4.59214974843117,4.82782306623023,2.19723077218353
"100",4,10,8,4,4.65423541625497,4.90886010036731,2.21559475093423
"101",5,2,1,5,5.27204769024624,5.18363801669745,2.27676042145357
"102",5,2,2,2,4.63678709625945,4.30783233456101,2.07553181969369
"103",5,2,4,7,4.63252197837294,4.18281778284594,2.04519382525127
"104",5,2,6,4,4.68109064679828,4.15455234447005,2.03827190150628
"105",5,2,8,1,4.7115930912008,4.12990692281106,2.03221724301588
"106",5,4,1,6,5.31255127321765,5.23422197116349,2.28784220853701
"107",5,4,2,3,4.6282547758891,4.32839321081067,2.08047908204112
"108",5,4,4,8,4.61290989291078,4.17020011467486,2.04210678336733
"109",5,4,6,5,4.69082639310517,4.16229216177035,2.04016964043933
"110",5,4,8,2,4.70197661514801,4.16813634607015,2.04160141704255
"111",5,6,1,7,5.31796468276078,5.22843988546637,2.28657820453759
"112",5,6,2,4,4.61232588767781,4.33560655841968,2.08221193888127
"113",5,6,4,1,4.59851458472532,4.16943706051715,2.04191994468861
"114",5,6,6,6,4.65343791537963,4.18412621264593,2.04551367940816
"115",5,6,8,3,4.68819974227559,4.17803673137481,2.04402464059874
"116",5,8,1,8,5.27286108225771,5.19896047086799,2.28012290696532
"117",5,8,2,5,4.60105061495425,4.29554132346717,2.07256877412238
"118",5,8,4,2,4.60147562595349,4.18196814010763,2.04498609777857
"119",5,8,6,7,4.64860702977444,4.15693988939304,2.03885749609752
"120",5,8,8,4,4.69099717403355,4.1240149195992,2.03076707664843
"121",5,10,1,1,5.30052247473258,5.21754390953668,2.28419436772283
"122",5,10,2,6,4.60043620722194,4.27317119473532,2.06716501391043
"123",5,10,4,3,4.58805668555248,4.16663127559225,2.04123278329353
"124",5,10,6,8,4.62840948177059,4.15747460910118,2.03898862407351
"125",5,10,8,5,4.66053446128795,4.1386143270232,2.03435845588313
"126",6,2,1,6,5.26050024981989,5.45908519562243,2.3364685308436
"127",6,2,2,3,4.55973401304265,5.15021405063963,2.26940830408272
"128",6,2,4,8,4.58369228685706,5.12068100658653,2.2628921774107
"129",6,2,6,5,4.60622494319899,5.25120895051609,2.29155164692313
"130",6,2,8,2,4.64223874941032,5.28316003005464,2.2985125690443
"131",6,4,1,7,5.30493195026591,5.51042559828637,2.34742957259347
"132",6,4,2,4,4.56321957701825,5.09211004673282,2.25657041696749
"133",6,4,4,1,4.55252184309054,5.13733498730447,2.26656899019299
"134",6,4,6,6,4.5853368907353,5.29724919660747,2.30157537278436
"135",6,4,8,3,4.62114785557881,5.36937148231633,2.31719042858293
"136",6,6,1,8,5.3062640682305,5.49333108026128,2.34378563018491
"137",6,6,2,5,4.56803747534264,4.98866596675678,2.23353217276062
"138",6,6,4,2,4.55196975827253,5.12532540771821,2.26391815393539
"139",6,6,6,7,4.58061986260151,5.26279423477383,2.29407807948505
"140",6,6,8,4,4.62684947130786,5.35297919542653,2.31365062086447
"141",6,8,1,1,5.28712905338039,5.48574405630829,2.34216653043892
"142",6,8,2,6,4.55492082442639,5.05166573244227,2.24759109547139
"143",6,8,4,3,4.54627308237182,5.12479543475223,2.26380110317851
"144",6,8,6,8,4.57421505021103,5.25054090642347,2.29140587989633
"145",6,8,8,5,4.59959984019294,5.33497158624865,2.30975574168539
"146",6,10,1,2,5.25129244397747,5.41900621951317,2.32787590294525
"147",6,10,2,7,4.54489279710322,5.04174104865213,2.24538216093656
"148",6,10,4,4,4.53787208242349,5.12809332991307,2.26452938376014
"149",6,10,6,1,4.55678854118277,5.2366933590637,2.28838225807309
"150",6,10,8,6,4.5901407297781,5.2904253071506,2.30009245621792
"151",7,2,1,7,5.27161588962385,5.39406068004533,2.32251171795652
"152",7,2,2,4,4.62027572381578,4.58377541442313,2.14097534185313
"153",7,2,4,1,4.63187521243729,4.51754303185876,2.12545125370091
"154",7,2,6,6,4.66421680898431,4.51448843781094,2.12473255677296
"155",7,2,8,3,4.69130337379254,4.56053642288557,2.13554124822855
"156",7,4,1,8,5.27206522709582,5.38873225607913,2.3213643092111
"157",7,4,2,5,4.61881566989713,4.54748725274887,2.13248382238855
"158",7,4,4,2,4.61332553690066,4.51184210021144,2.12410971943811
"159",7,4,6,7,4.64316107084226,4.46994077280265,2.11422344438866
"160",7,4,8,4,4.69373071251186,4.53127154446517,2.12867835627301
"161",7,6,1,1,5.32473538085696,5.42440602539852,2.3290354281115
"162",7,6,2,6,4.61172906686223,4.52206373278364,2.12651445628372
"163",7,6,4,3,4.60952272318036,4.43722742396133,2.1064727446519
"164",7,6,6,8,4.62944170622893,4.53132145790492,2.12869008028527
"165",7,6,8,5,4.66869224902608,4.51733652503179,2.12540267362017
"166",7,8,1,2,5.31255808014805,5.42407217597876,2.32896375583193
"167",7,8,2,7,4.60643705713443,4.53833895016498,2.1303377549499
"168",7,8,4,4,4.5960667950154,4.47971291451636,2.11653323019422
"169",7,8,6,1,4.61699678936822,4.46965978222652,2.11415699091305
"170",7,8,8,6,4.67140662004412,4.57867987250748,2.13978500614138
"171",7,10,1,3,5.31090823729627,5.44638552783299,2.33374924270646
"172",7,10,2,8,4.59628630987647,4.51772361741822,2.12549373497506
"173",7,10,4,5,4.56294413554915,4.48436063121103,2.11763090060828
"174",7,10,6,2,4.63577548526724,4.49718900294022,2.12065768169694
"175",7,10,8,7,4.65117845646086,4.49741057568267,2.12070992256901
"176",8,2,1,8,5.32022952336643,4.34470848855357,2.08439643267627
"177",8,2,2,5,4.65732274019978,3.93067452086472,1.98259287824423
"178",8,2,4,2,4.63281322610308,4.00939748078786,2.00234799193044
"179",8,2,6,7,4.67652431677923,4.11101117477876,2.02756286580189
"180",8,2,8,4,4.7203248293844,4.2288378960177,2.0564138435679
"181",8,4,1,1,5.3314902523892,4.35415181732436,2.08666044610146
"182",8,4,2,6,4.63805591302645,3.89089180546785,1.97253436103604
"183",8,4,4,3,4.62042976058293,4.00428573482813,2.00107114686813
"184",8,4,6,8,4.66941050269198,4.1487806010939,2.03685556706751
"185",8,4,8,5,4.71571031928428,4.25557800857301,2.06290523499578
"186",8,6,1,2,5.34311453016548,4.32078879264712,2.07865071444125
"187",8,6,2,7,4.63154848126718,3.93436524769053,1.98352344268741
"188",8,6,4,4,4.62237267908567,4.03918359381572,2.00977202533415
"189",8,6,6,1,4.65488671942023,4.17458987430556,2.04318131214671
"190",8,6,8,6,4.70517085950317,4.21407850485005,2.05282208309684
"191",8,8,1,3,5.32099954456328,4.33358905908366,2.08172742189838
"192",8,8,2,8,4.62936682136686,3.90950263934895,1.97724622628264
"193",8,8,4,5,4.6075666706449,4.00002270655338,2.00000567663029
"194",8,8,6,2,4.64835676413675,4.10324039446007,2.02564567347304
"195",8,8,8,7,4.68186555913938,4.1927224588534,2.04761384515084
"196",8,10,1,4,5.32961531853631,4.3561835193329,2.0871472203304
"197",8,10,2,1,4.62358093242117,3.90870944903083,1.97704563655744
"198",8,10,4,6,4.60155095743131,3.98692001998827,1.99672732740058
"199",8,10,6,3,4.64294720348173,4.0822714036127,2.02046316561641
"200",8,10,8,8,4.69284240285312,4.16078205708467,2.03979951394363
"201",9,2,1,1,5.32236518490559,4.92453209471966,2.2191286791711
"202",9,2,2,6,4.62340317428871,4.24124283693332,2.05942779357115
"203",9,2,4,3,4.61329205452848,4.19254494869289,2.0475704990776
"204",9,2,6,8,4.6468918927069,4.29528572079439,2.07250710995026
"205",9,2,8,5,4.69222059370174,4.29620353621495,2.07272852448529
"206",9,4,1,2,5.31174031844985,4.93898202036202,2.22238205994424
"207",9,4,2,7,4.61706756201611,4.24539051539971,2.06043454528401
"208",9,4,4,4,4.63747943035708,4.23454298969886,2.05780052232933
"209",9,4,6,1,4.65283829618775,4.26668813486501,2.06559631459417
"210",9,4,8,6,4.68528314786187,4.27730316562825,2.06816420180513
"211",9,6,1,3,5.31667046244652,4.97015463202497,2.22938436166242
"212",9,6,2,8,4.60353303631927,4.22551942973099,2.05560682761344
"213",9,6,4,5,4.60005591978146,4.23130954370481,2.05701471645314
"214",9,6,6,2,4.65079565355418,4.27845660898884,2.06844303982218
"215",9,6,8,7,4.67308258736041,4.27192332004932,2.06686315948815
"216",9,8,1,4,5.29377963280511,4.89385752193921,2.21220648266368
"217",9,8,2,1,4.59972676768888,4.21433443014684,2.05288441714258
"218",9,8,4,6,4.60504022403624,4.2132615435618,2.05262308852887
"219",9,8,6,3,4.61422295020763,4.27471070826933,2.06753735353665
"220",9,8,8,8,4.68405711209719,4.26409485479746,2.06496848760398
"221",9,10,1,5,5.33305050177902,4.95374567038592,2.22570116376524
"222",9,10,2,2,4.58776867646153,4.226767901628,2.05591047996453
"223",9,10,4,7,4.58297642013761,4.18700326043868,2.04621681657606
"224",9,10,6,4,4.62606569798734,4.22119639499896,2.05455503576783
"225",9,10,8,1,4.66052611835933,4.2117615610049,2.05225767412499
"226",10,2,1,2,5.29459410204077,5.31867509148078,2.30622529070357
"227",10,2,2,7,4.61801809623589,4.71748938162656,2.17197821849727
"228",10,2,4,4,4.59017190187486,4.65180085223586,2.15680338747783
"229",10,2,6,1,4.65074675968025,4.72664924665179,2.17408584160143
"230",10,2,8,6,4.70214759298515,4.63990385714286,2.15404360613773
"231",10,4,1,3,5.30297936658788,5.32153394937736,2.30684502066727
"232",10,4,2,8,4.62044471673593,4.67071702590645,2.16118417213954
"233",10,4,4,5,4.60552809867683,4.63754251417783,2.15349541772854
"234",10,4,6,2,4.66397767855559,4.67795561235119,2.1628582044025
"235",10,4,8,7,4.68051070986178,4.66114541164435,2.15896859904083
"236",10,6,1,4,5.28359382092021,5.31555786681986,2.30554936334485
"237",10,6,2,1,4.58705526556443,4.66461858510589,2.15977280867824
"238",10,6,4,6,4.59624004197625,4.63914208154638,2.15386677432621
"239",10,6,6,3,4.63204723884726,4.64764197424479,2.15583904182218
"240",10,6,8,8,4.67550586042703,4.63354132187996,2.15256621776891
"241",10,8,1,5,5.33259968119065,5.33114273974778,2.30892675062415
"242",10,8,2,2,4.60876768153287,4.71078472871985,2.17043422584511
"243",10,8,4,7,4.59203282296742,4.63146199648433,2.15208317601442
"244",10,8,6,4,4.63261722332965,4.64134821064664,2.15437884566449
"245",10,8,8,1,4.67185089240653,4.67562018482863,2.16231824318915
"246",10,10,1,6,5.28381327847817,5.32243105389932,2.30703945651116
"247",10,10,2,3,4.60135220832184,4.70000085017989,2.16794853494724
"248",10,10,4,8,4.57435654009818,4.60888311954208,2.14683094805858
"249",10,10,6,5,4.62035110135507,4.63515503220516,2.1529410192119
"250",10,10,8,2,4.66144594918964,4.64547049148695,2.15533535476198
"251",11,2,1,3,5.34824972452044,4.61313117358828,2.14782009805018
"252",11,2,2,8,4.64960079761967,3.88873369546265,1.97198724525861
"253",11,2,4,5,4.63961143160931,3.83401439633393,1.95806394081856
"254",11,2,6,2,4.68176185135376,3.92074562374332,1.98008727679951
"255",11,2,8,7,4.71528217128779,3.90049977941176,1.97496829833083
"256",11,4,1,4,5.31548963259184,4.55279964967734,2.13372904785901
"257",11,4,2,1,4.62206170500962,3.92129438328648,1.98022584148538
"258",11,4,4,6,4.63138059033554,3.85750513496286,1.96405324137684
"259",11,4,6,3,4.67858861573095,3.84091487072935,1.95982521433146
"260",11,4,8,8,4.71130839840845,3.87209373637106,1.96776363833949
"261",11,6,1,5,5.27152277288384,4.51303521004436,2.12439055026244
"262",11,6,2,2,4.62503190359922,3.88140447065974,1.97012803407792
"263",11,6,4,7,4.64347440504397,3.84282901232027,1.96031349847933
"264",11,6,6,4,4.67818952977962,3.86311498588978,1.96548085360549
"265",11,6,8,1,4.70339451576738,3.8487409228981,1.96182081824465
"266",11,8,1,6,5.29258451570647,4.53208728732013,2.12886995547406
"267",11,8,2,3,4.62591148733199,3.85263843117743,1.96281390640515
"268",11,8,4,8,4.62441706597074,3.81371299435022,1.95287301029796
"269",11,8,6,5,4.66290059419173,3.82765174566816,1.95643853613349
"270",11,8,8,2,4.68666087393126,3.87230193360613,1.96781653962104
"271",11,10,1,7,5.3114505000629,4.50733872509355,2.12304939299432
"272",11,10,2,4,4.62318621941954,3.88452881132504,1.97092080290534
"273",11,10,4,1,4.61433678070659,3.84845452924719,1.96174782509047
"274",11,10,6,6,4.63747381497011,3.80119473090171,1.94966528688945
"275",11,10,8,3,4.68192433252335,3.89528389690618,1.97364735880202
"276",12,2,1,4,5.27398761268901,5.8618616453411,2.42112817614869
"277",12,2,2,1,4.59274560777576,5.12379849037138,2.26358089989542
"278",12,2,4,6,4.60382525808139,5.03751313931411,2.24444049582833
"279",12,2,6,3,4.65795970521212,5.04763958649289,2.24669525892874
"280",12,2,8,8,4.68996542887938,4.9871163957346,2.23318525781777
"281",12,4,1,5,5.23683424624711,5.82647454377686,2.41380913573896
"282",12,4,2,2,4.58638421559783,5.07688312021977,2.25319398193315
"283",12,4,4,7,4.60175044161571,4.9595514508623,2.22700504060101
"284",12,4,6,4,4.65018755278102,4.98432733083202,2.23256071156688
"285",12,4,8,1,4.67168646457431,4.96514445744471,2.22826041059942
"286",12,6,1,6,5.23759024452347,5.79450261893716,2.40717731356399
"287",12,6,2,3,4.57526808479711,5.08585745590095,2.25518457246873
"288",12,6,4,8,4.5671292307428,4.98642716117331,2.23303093600902
"289",12,6,6,5,4.63665607100121,5.00007331390996,2.23608437092833
"290",12,6,8,2,4.67513798299683,4.9965400878515,2.23529418373768
"291",12,8,1,7,5.28233647206512,5.8598157346125,2.42070562741786
"292",12,8,2,4,4.5660796198032,5.0774692926779,2.25332405407609
"293",12,8,4,1,4.57173358517836,5.02640919587866,2.24196547606752
"294",12,8,6,6,4.62543651352329,4.93086982432743,2.22055619706582
"295",12,8,8,3,4.67099341119233,5.00270485554596,2.23667271981083
"296",12,10,1,8,5.27432331313048,5.88057591855827,2.42498988009399
"297",12,10,2,5,4.58360966060594,5.09955258025228,2.25821889555735
"298",12,10,4,2,4.58517487395006,5.02323989596554,2.2412585517886
"299",12,10,6,7,4.61067565367848,4.98533992752578,2.23278747925677
"300",12,10,8,4,4.65930150085295,4.97856496729667,2.23126981051075
"301",13,2,1,5,5.249184518821,5.79390773700571,2.40705374618136
"302",13,2,2,2,4.55532388556765,5.26093371379993,2.29367253848494
"303",13,2,4,7,4.56367810060278,5.33770059815506,2.31034642384103
"304",13,2,6,4,4.57369235119789,5.4037369539801,2.32459393313759
"305",13,2,8,1,4.61269205097264,5.49120381343284,2.34333177621796
"306",13,4,1,6,5.25077852534038,5.8303897281821,2.41461999664173
"307",13,4,2,3,4.56020125595896,5.24937801904739,2.29115211608644
"308",13,4,4,8,4.53422257505508,5.30759791210557,2.30382245672395
"309",13,4,6,5,4.57100730773152,5.45882155068408,2.33641211062691
"310",13,4,8,2,4.6132770973012,5.47107463315368,2.33903284140127
"311",13,6,1,7,5.23990856255365,5.79186176328703,2.40662871321835
"312",13,6,2,4,4.55680100728016,5.25484496336742,2.29234486135211
"313",13,6,4,1,4.52170436734912,5.27922220189055,2.29765580579219
"314",13,6,6,6,4.54719572417695,5.4029173023314,2.32441762648871
"315",13,6,8,3,4.59330207651869,5.47909560061774,2.34074680403878
"316",13,8,1,8,5.25590735408893,5.83455319272257,2.4154819793827
"317",13,8,2,5,4.53765816189827,5.22811574417426,2.28650732432115
"318",13,8,4,2,4.51896469355763,5.32581012308968,2.30777167915062
"319",13,8,6,7,4.54782664014527,5.37819412837988,2.31909338500628
"320",13,8,8,4,4.59481497579891,5.46181953531177,2.33705360129197
"321",13,10,1,1,5.28264367886299,5.84763139887165,2.41818762689574
"322",13,10,2,6,4.55385105925358,5.21115957902603,2.28279643836809
"323",13,10,4,3,4.51179932391404,5.28148240839505,2.29814760370065
"324",13,10,6,8,4.54638429440297,5.38581828686247,2.32073658282505
"325",13,10,8,5,4.58164670883256,5.45364298594907,2.33530361750867
"326",14,2,1,6,5.31516894550302,4.50643994791718,2.12283771115862
"327",14,2,2,3,4.65478898758208,3.83467094792716,1.95823158689854
"328",14,2,4,8,4.66385412587744,3.86881002905149,1.96692908592341
"329",14,2,6,5,4.69717131722287,3.91494088302752,1.97862095486415
"330",14,2,8,2,4.74266408431719,3.9277627603211,1.98185841076529
"331",14,4,1,7,5.34450027206174,4.55316674896498,2.13381506906409
"332",14,4,2,4,4.64738881398079,3.82780837854649,1.95647856582854
"333",14,4,4,1,4.64618622766646,3.83767631992132,1.95899880549257
"334",14,4,6,6,4.6795282614777,3.87089527465596,1.96745909097393
"335",14,4,8,3,4.72102117415709,3.91595644039883,1.97887757084637
"336",14,6,1,8,5.34400555534835,4.51542215066617,2.12495227020895
"337",14,6,2,5,4.65180399823834,3.83336003416131,1.95789683950951
"338",14,6,4,2,4.62196262876333,3.8326888503277,1.95772542771649
"339",14,6,6,7,4.67458150992488,3.87289151604357,1.96796634017037
"340",14,6,8,4,4.71116550256651,3.87316667134811,1.96803624746805
"341",14,8,1,1,5.33172084587575,4.53452401278509,2.12944218348024
"342",14,8,2,6,4.6535611293887,3.83251484040589,1.95768098535126
"343",14,8,4,3,4.61261564292307,3.81298650926219,1.95268699725844
"344",14,8,6,8,4.6533257102516,3.85477363118375,1.96335774406595
"345",14,8,8,5,4.7017064214403,3.90583431486081,1.97631837386106
"346",14,10,1,2,5.34784380700449,4.53469492341854,2.12948231347869
"347",14,10,2,7,4.63797976518041,3.84535173920319,1.96095684276916
"348",14,10,4,4,4.62188415851583,3.81642654515736,1.95356764540094
"349",14,10,6,1,4.64964689578702,3.83299102961376,1.9578026023105
"350",14,10,8,6,4.69633121117996,3.89534441445992,1.97366269014235
"351",15,2,1,7,5.28864148745499,4.98795671512989,2.23337339357526
"352",15,2,2,4,4.62150274654746,4.20152711733122,2.04976269780948
"353",15,2,4,1,4.64616090057475,4.15391905623814,2.03811654628437
"354",15,2,6,6,4.6648225953657,4.17216861889447,2.04258870526949
"355",15,2,8,3,4.68704077718085,4.34091035175879,2.08348514555751
"356",15,4,1,8,5.30124409805529,5.01310641741196,2.23899674350187
"357",15,4,2,5,4.63937824935395,4.19042731353922,2.04705332454707
"358",15,4,4,2,4.61368681011562,4.1171948201703,2.029087188903
"359",15,4,6,7,4.63512014371844,4.22828460182859,2.05627931026614
"360",15,4,8,4,4.66439053825844,4.30114341356086,2.0739198184985
"361",15,6,1,1,5.28841322633095,5.00557048553835,2.23731322919665
"362",15,6,2,6,4.62071732770189,4.13520580821169,2.0335205453134
"363",15,6,4,3,4.6155640679287,4.09528300920296,2.02368056006944
"364",15,6,6,8,4.65657555393727,4.22355960462451,2.05513007000153
"365",15,6,8,5,4.67278329352136,4.2988277075363,2.07336145125164
"366",15,8,1,2,5.29627641924898,5.0065145916051,2.23752421028357
"367",15,8,2,7,4.62256616747198,4.1762850313353,2.04359610278922
"368",15,8,4,4,4.60279105437182,4.07175814871287,2.01785979411675
"369",15,8,6,1,4.62162755933652,4.1877455908641,2.04639819948711
"370",15,8,8,6,4.6650170996171,4.30696697675498,2.07532334269987
"371",15,10,1,3,5.31759085868224,4.99076356902248,2.23400169405094
"372",15,10,2,8,4.61524140290156,4.15480968937369,2.03833502873637
"373",15,10,4,5,4.59052566914092,4.0747389762305,2.01859827014453
"374",15,10,6,2,4.61714843819109,4.11528342666653,2.02861613585876
"375",15,10,8,7,4.65571701878106,4.26002258605459,2.06398221553738
"376",16,2,1,8,5.29883663412951,5.58384683938932,2.36301647040162
"377",16,2,2,5,4.61086628891357,4.96122369193826,2.22738045513968
"378",16,2,4,2,4.6098682399365,5.03361209195008,2.24357128078207
"379",16,2,6,7,4.64735288200014,5.11891160659899,2.26250118377847
"380",16,2,8,4,4.67322136798946,5.16583905456853,2.27284822515022
"381",16,4,1,1,5.2929046264673,5.55221922631973,2.3563147553584
"382",16,4,2,6,4.58569123366789,4.87823910540233,2.20867360771173
"383",16,4,4,3,4.59397477933852,5.00878064383177,2.23803052790434
"384",16,4,6,8,4.61801195389139,5.06902346277496,2.25144919169298
"385",16,4,8,5,4.66617511955708,5.16954363279047,2.27366304293105
"386",16,6,1,2,5.2464922135359,5.5404176112041,2.35380917051576
"387",16,6,2,7,4.60716287514312,4.86645464744632,2.20600422652503
"388",16,6,4,4,4.59686533739985,5.02442693026227,2.24152335037186
"389",16,6,6,1,4.61483992476915,5.07950856436407,2.25377651162755
"390",16,6,8,6,4.65343036184277,5.12101148891709,2.26296519834422
"391",16,8,1,3,5.26216322231563,5.55675111358786,2.35727620646963
"392",16,8,2,8,4.59936995151801,4.8861502474093,2.21046380821069
"393",16,8,4,5,4.59164661398122,4.94079676805861,2.22279031131113
"394",16,8,6,2,4.60577533705743,5.08472750380075,2.25493403535464
"395",16,8,8,7,4.64353411167498,5.10991421705608,2.26051193694174
"396",16,10,1,4,5.27972011575264,5.50935219667035,2.34720092805672
"397",16,10,2,1,4.57542333936892,4.86751612107875,2.20624480080492
"398",16,10,4,6,4.56284206284946,4.97708612406219,2.23093839539826
"399",16,10,6,3,4.60885217473873,5.06431112420648,2.25040243605593
"400",16,10,8,8,4.62500747779098,5.12661210960931,2.26420231198745
"401",17,2,1,1,5.32127448105379,4.62394096116919,2.15033508113717
"402",17,2,2,6,4.65980618861212,3.81794027212419,1.95395503329124
"403",17,2,4,3,4.66018418771586,3.78128640041389,1.94455300786939
"404",17,2,6,8,4.70781232761504,3.78083729375,1.94443752631706
"405",17,2,8,5,4.74087400702688,3.7444641575,1.93506179681684
"406",17,4,1,2,5.2958053617102,4.57606897968202,2.13917483616511
"407",17,4,2,7,4.63369059165341,3.82525336380326,1.95582549421037
"408",17,4,4,4,4.64163371459052,3.82556100615833,1.95590414032956
"409",17,4,6,1,4.69766353078829,3.81079299708333,1.95212525138202
"410",17,4,8,6,4.73732436560779,3.80347275666667,1.95024940883638
"411",17,6,1,3,5.32370367598076,4.60318394695712,2.14550319201746
"412",17,6,2,8,4.63586102511113,3.84060128785227,1.95974520993222
"413",17,6,4,5,4.64407096596813,3.80307740138472,1.95014804601721
"414",17,6,6,2,4.68603271763553,3.79217846632083,1.94735165450949
"415",17,6,8,7,4.72253796224219,3.73136508592222,1.93167416660321
"416",17,8,1,4,5.30196539541709,4.6269458808264,2.15103367728783
"417",17,8,2,1,4.64643443051722,3.83450261777724,1.95818860628318
"418",17,8,4,6,4.6159114555194,3.78858963175186,1.94642997093444
"419",17,8,6,3,4.67446055401938,3.7757408271564,1.94312655973727
"420",17,8,8,8,4.71608926338916,3.78314619501957,1.9450311552825
"421",17,10,1,5,5.36023889012786,4.64509851612266,2.15524906127405
"422",17,10,2,2,4.63388886926042,3.86053066672215,1.96482331692245
"423",17,10,4,7,4.62231438298939,3.79937128257514,1.94919759967406
"424",17,10,6,4,4.66350050185162,3.76650719056681,1.94074913128071
"425",17,10,8,1,4.69017318354241,3.79897265817369,1.94909534353086
"426",18,2,1,2,5.26249736836363,5.48681877493877,2.34239594751587
"427",18,2,2,7,4.6106287874192,4.65061134443769,2.15652761272322
"428",18,2,4,4,4.62822893801168,4.65410139688163,2.15733664430975
"429",18,2,6,1,4.65088814518552,4.61334685427136,2.14787030666923
"430",18,2,8,6,4.7174185378084,4.60642207537688,2.14625769081368
"431",18,4,1,3,5.2875440959439,5.52561911227523,2.35066354722985
"432",18,4,2,8,4.6095657405042,4.65642555553618,2.15787524095722
"433",18,4,4,5,4.60629699851728,4.64664135477945,2.15560695739726
"434",18,4,6,2,4.64775144238141,4.61659028887493,2.148625209029
"435",18,4,8,7,4.70652634849938,4.59704031222083,2.14407096716056
"436",18,6,1,4,5.26451363188038,5.45044649532853,2.33461913281986
"437",18,6,2,1,4.60791833165546,4.64293483865758,2.15474704748784
"438",18,6,4,6,4.5921356482797,4.62849476917365,2.15139368065764
"439",18,6,6,3,4.64324490842505,4.5418325164196,2.13115755316673
"440",18,6,8,8,4.6802576433417,4.5687238768593,2.13745733919049
"441",18,8,1,5,5.31913131393561,5.51697900537415,2.34882502655565
"442",18,8,2,2,4.59039711306018,4.67199729622666,2.16148034833229
"443",18,8,4,7,4.60019615147336,4.58069293022178,2.14025534229488
"444",18,8,6,4,4.63039660071422,4.58113850727529,2.1403594341314
"445",18,8,8,1,4.68839467882411,4.53055077994265,2.12850905094215
"446",18,10,1,6,5.27555620579973,5.47390798171463,2.33963842969691
"447",18,10,2,3,4.59652099527981,4.67236000506674,2.16156424958102
"448",18,10,4,8,4.59422813213955,4.56402703218861,2.1363583576237
"449",18,10,6,5,4.62320039162515,4.53663885146389,2.12993869664455
"450",18,10,8,2,4.65966974726239,4.5210118695528,2.12626712093114
"451",19,2,1,3,5.22330897363458,5.72682621433505,2.39307881490248
"452",19,2,2,8,4.57630847735106,5.15536565568116,2.27054303101288
"453",19,2,4,5,4.56657648868861,5.13731607758001,2.26656481874664
"454",19,2,6,2,4.62146952861149,5.23744943049793,2.28854744991183
"455",19,2,8,7,4.63497716707572,5.21317776348548,2.28323843772075
"456",19,4,1,4,5.24747871980321,5.76618933192286,2.40128909794778
"457",19,4,2,1,4.56388868476992,5.24437830804772,2.29006076514308
"458",19,4,4,6,4.56283347133945,5.22305067468649,2.28539945626284
"459",19,4,6,3,4.5842192724942,5.25281629598894,2.29190233124995
"460",19,4,8,8,4.63645646189591,5.25096973887736,2.29149945207878
"461",19,6,1,5,5.2514579863581,5.76816293460264,2.40170000928564
"462",19,6,2,2,4.55351402027835,5.19851298548894,2.28002477738487
"463",19,6,4,7,4.54924408795691,5.17399421065866,2.2746415565224
"464",19,6,6,4,4.59030631092124,5.21111925832882,2.28278760692466
"465",19,6,8,1,4.63004600100248,5.2525449325242,2.29184312999913
"466",19,8,1,6,5.23758570713246,5.77483037842226,2.40308767597486
"467",19,8,2,3,4.55987506532001,5.18219025951722,2.27644245688689
"468",19,8,4,8,4.52317398172682,5.14530201727765,2.26832581814819
"469",19,8,6,5,4.57399313739311,5.22162901510659,2.28508840422129
"470",19,8,8,2,4.6236956158269,5.2310972457805,2.28715920866487
"471",19,10,1,7,5.25959692408433,5.76019231857106,2.40004006603454
"472",19,10,2,4,4.5436415469287,5.16859466955914,2.27345434736639
"473",19,10,4,1,4.51874622670133,5.13418489006168,2.26587397929843
"474",19,10,6,6,4.56466782655742,5.13901626610113,2.2669398461585
"475",19,10,8,3,4.60242632923505,5.23668926239813,2.28838136297212
"476",20,2,1,4,5.22693871510537,6.60412314260008,2.56984885598357
"477",20,2,2,1,4.52735314464336,5.87688286232355,2.42422830243431
"478",20,2,4,6,4.52155645558757,5.88849742916944,2.42662263839466
"479",20,2,6,3,4.56000956470064,5.95861025402778,2.44102647548686
"480",20,2,8,8,4.61484149058639,5.9916774525,2.4477903203706
"481",20,4,1,5,5.23903896208163,6.57952994707255,2.565059443185
"482",20,4,2,2,4.53142212425599,5.88222885592263,2.42533066939802
"483",20,4,4,7,4.53445855269995,5.893499790782,2.42765314466091
"484",20,4,6,4,4.5753280834768,6.03770135402222,2.45717344809483
"485",20,4,8,1,4.60072230642117,6.00776497576389,2.45107424933719
"486",20,6,1,6,5.22953144257068,6.57500070200647,2.56417641787894
"487",20,6,2,3,4.53021497767975,5.89212583581239,2.42737014808463
"488",20,6,4,8,4.51214662541382,5.94567817775833,2.43837613541437
"489",20,6,6,5,4.55949648026315,6.0038893766875,2.4502835298568
"490",20,6,8,2,4.5832099922224,5.94615776467361,2.43847447488663
"491",20,8,1,7,5.2324770577539,6.59395582647469,2.56786990061309
"492",20,8,2,4,4.53003941949551,5.92774234307824,2.43469553395866
"493",20,8,4,1,4.51122054752659,5.9170441104382,2.43249750471366
"494",20,8,6,6,4.54441244224209,5.98777440149428,2.44699293041363
"495",20,8,8,3,4.58732824078797,6.02655793387787,2.45490487267386
"496",20,10,1,8,5.21666032890924,6.54641748949752,2.55859678134276
"497",20,10,2,5,4.51091736894258,5.88223384201538,2.42533169731799
"498",20,10,4,2,4.50482769806195,5.93208015995332,2.43558620458265
"499",20,10,6,7,4.52609685338593,5.96814427956776,2.44297856715276
"500",20,10,8,4,4.56333301504565,6.01127381357047,2.45178992035828
